baca,abaft,abase,abate,abbas,abbes,abets,acerb,aceta,acred,acres,acted,adage,addax,added,adder,adzes,aedes,afars,after,agars,agate,agave,agaze,agers,agger,agree,arced,ardeb,areae,areas,areca,arete,arras,arses,asses,asset,aster,attar,avast,avers,avert,avgas,award,aware,baaed,babas,babes,bacca,badge,baffs,barbe,barbs,barde,bards,bared,barer,bares,barfs,barge,barre,based,baser,bases,baste,basts,bated,bates,batts,bawds,bazar,beads,beard,bears,beast,beats,bedew,beefs,beers,beets,begat,beget,beret,bergs,beset,bests,betas,betta,brace,bract,brads,braes,brags,brass,brats,brava,brave,braws,braza,braze,bread,brede,breed,brees,breve,brews,caber,cacas,cades,cadet,cadge,cadre,caeca,cafes,caffs,caged,cager,cages,carat,carbs,cards,cared,carer,cares,caret,carex,carrs,carse,carte,carts,carve,casas,cased,cases,caste,casts,cater,cates,caved,caver,caves,cawed,cease,cedar,ceded,ceder,cedes,cered,ceres,cesta,cetes,crabs,craft,crags,crass,crate,crave,craws,craze,creed,cress,crest,crews,czars,daces,dadas,daffs,dagga,darbs,dared,darer,dares,darts,dated,dater,dates,dawed,dawts,dazed,dazes,deads,dears,deave,debar,debts,decaf,deeds,deers,deets,defat,defer,degas,derat,desex,deter,devas,dewar,dewax,dewed,dexes,drabs,draff,draft,drags,drats,drave,draws,dread,drear,dreed,drees,dregs,dress,drest,dwarf,dweeb,eager,eagre,eared,eased,eases,easts,eater,eaved,eaves,ebbed,ebbet,edged,edger,edges,egads,egers,egest,eggar,egged,egger,egret,erase,erect,erred,erses,escar,esses,ester,etwee,evade,evert,ewers,exact,execs,exert,extra,faced,facer,faces,facet,facts,faded,fader,fades,fadge,farad,farce,fards,fared,farer,fares,farts,fasts,fated,fates,fatwa,favas,faves,faxed,faxes,fazed,fazes,fears,fease,feast,feats,feaze,feces,feeds,feeze,feres,fesse,fetas,feted,fetes,fever,fewer,fezes,frags,frass,frats,freed,freer,frees,frere,frets,gaffe,gaffs,gaged,gager,gages,garbs,gases,gasts,gated,gates,gazar,gazed,gazer,gazes,gears,geese,geest,geste,gests,getas,grabs,grace,grade,grads,graft,grass,grate,grave,graze,great,grebe,greed,grees,greet,rabat,raced,racer,races,radar,raffs,rafts,ragas,raged,ragee,rages,rared,rarer,rares,rased,raser,rases,rated,rater,rates,raved,raver,raves,rawer,raxed,raxes,razed,razee,razer,razes,react,readd,reads,rears,reata,reave,rebar,rebbe,rebec,recce,recta,redds,reded,redes,reeds,reefs,reest,reeve,refed,refer,reges,resaw,resee,reset,resew,rests,retag,retax,revet,rewax,rewed,rewet,rexes,sabed,saber,sabes,sabra,sabre,sacra,sades,safer,safes,sagas,sager,sages,sards,saree,sarge,sated,sates,saved,saver,saves,sawed,sawer,saxes,scabs,scads,scags,scare,scarf,scars,scart,scats,scatt,scrag,scree,screw,sears,seats,sects,seder,sedge,seeds,seers,serac,sered,serer,seres,serfs,serge,serve,setae,setts,sever,sewar,sewed,sewer,sexed,sexes,sexts,stabs,stade,staff,stage,stags,stare,stars,start,state,stats,stave,stead,steed,steer,stere,stets,stews,straw,strew,swabs,swage,swags,sward,sware,swarf,swart,swats,swear,sweat,swede,sweer,sweet,taber,tabes,taces,tacet,tacte,tacts,tared,tares,targe,tarre,tarts,tasse,taste,tatar,tater,tates,tawed,tawer,tawse,taxed,taxer,taxes,tazza,tazze,tears,tease,teats,tecta,teffs,terce,terga,terra,terse,testa,tests,tetra,tewed,texas,texts,trace,tract,trade,trass,trave,tread,treat,treed,trees,tress,trets,trews,tsade,tsars,twaes,twats,tweed,tweet,tzars,varas,varve,vases,vasts,veers,verbs,verge,verse,verst,verts,verve,vesta,vests,vexed,vexer,vexes,waded,wader,wades,wafer,waffs,wafts,waged,wager,wages,wards,wared,wares,warts,waste,wasts,water,watts,waved,waver,waves,hi,hili,hill,hillo,hilly,hilum,him,hin,hinny,hip,hippo,hippy,hm,hmm,ho,hokily,hokku,hokum,hokypoky,holily,holk,hollo,holloo,holly,holm,holmium,holp,holy,homily,hominy,homo,homonym,homonymy,homophony,homy,hon,honk,honky,hook,hookup,hooky,hooly,hoop,hoopoo,hop,hoppy,hoy,huh,huipil,hulk,hulky,hull,hullo,hum,hump,humph,humpy,hun,hunh,hunk,hunky,hup,hymn,hyp,hypo,hypolimnion,hypopyon,ikon,ilium,ilk,ill,illinium,illy,imino,immy,imp,impi,imply,in,inion,ink,inky,inly,inn,inulin,ion,ionium,jill,jillion,jiminy,jimminy,jimmy,jimp,jimply,jimpy,jin,jink,jinn,jinni,jo,john,johnny,join,jokily,joky,jollily,jolly,jouk,joy,joypop,juju,jump,jumpily,jumpy,jun,junk,junky,jupon,khi,khoum,kilim,kill,killjoy,kiln,kilo,kimono,kin,kinin,kink,kinkily,kinky,kino,kip,knoll,knolly,knop,kohl,koi,kolo,konk,kook,kooky,kop,koph,li,lily,limn,limo,limp,limpkin,limply,limuli,limy,lin,linin,link,linkup,linky,linn,lino,linum,liny,lion,lip,lipin,lippy,lo,loin,loll,lollipop,lollop,lolly,lollypop,loo,look,lookup,loom,loon,loony,loop,loopy,lop,loppy,loup,lull,lulu,lum,lump,lumpily,lumpy,lunk,luny,lupin,lupulin,lymph,mho,mi,mil,milium,milk,milkily,milky,mill,millimho,milliohm,million,milo,mim,mini,minikin,minim,minimill,minimum,minion,minium,mink,minny,mm,mo,moil,mojo,mol,moll,molly,moly,mom,momi,mommy,mon,monk,mono,monohull,monophony,monophyly,monopoly,mony,moo,mool,moon,moonily,moony,mop,mopy,moujik,moulin,mu,muhly,mujik,mukluk,mull,mullion,mum,mumm,mummy,mump,mumu,mun,muni,munnion,muon,muonium,muumuu,my,myopy,nihil,nil,nill,nim,ninny,ninon,nip,nippily,nippy,no,noh,noil,noily,nolo,nom,nomoi,nonillion,nonoily,nonunion,nonyl,noo,nook,nooky,noon,noun,nu,null,nun,nylon,nymph,nympho,oh,ohm,oho,oil,oilily,oily,oink,olio,om,on,onion,oniony,onium,only,ooh,oomph,op,opinion,opium,ouph,oy,phi,phon,phonily,phono,phonon,phony,phyllo,phylon,phylum,pi,piki,pili,pill,pillion,pily,pimp,pimply,pin,pinion,pink,pinkly,pinko,pinky,pinny,pinon,pinup,piny,pinyin,pinyon,pion,pip,pipkin,pippin,pipy,piu,plink,plonk,plop,ploy,plum,plummy,plump,plumply,plumy,plunk,ply,poh,poi,poilu,pokily,poky,pol,polio,poll,pollinium,polo,polonium,poly,polynyi,polyp,polyphony,polypi,pom,pommy,pomp,pompom,pompon,pony,pooh,pool,poon,poop,pop,poplin,poppy,poyou,pul,puli,pulik,pull,pullup,pulp,pulpily,pulpy,pump,pumpkin,pun,punily,punk,punkin,punky,punny,puny,pup,pupil,puppy,pyin,pylon,uh,ulu,um,umm,ump,un,unhip,unholily,unholy,unhook,union,unkink,unlink,unpin,up,uphill,uplink,upo,upon,yill,yin,yip,yo,yok,yolk,yolky,yom,yomim,yon,yoni,you,youpon,yuk,yum,yummy,yup,yupon,waxed,waxer,waxes,wears,weave,weber,wedge,weeds,weest,weets,wefts,wests,wrest,xebec,zarfs,zaxes,zebec,zebra,zests,zetas